"long","lat","country"
55.329,25.271,"are"
55.329,25.271,"are"
55.329,25.271,"are"
-57.753,-34.959,"arg"
-58.417,-34.612,"arg"
-58.417,-34.612,"arg"
-57.96,-34.929,"arg"
-58.417,-34.612,"arg"
-58.417,-34.612,"arg"
-58.417,-34.612,"arg"
-58.417,-34.612,"arg"
-58.417,-34.612,"arg"
-58.417,-34.612,"arg"
-58.417,-34.612,"arg"
-58.417,-34.612,"arg"
44.514,40.181,"arm"
151.206,-33.838,"aus"
152.908,-31.434,"aus"
151.207,-33.867,"aus"
153.017,-27.475,"aus"
149.129,-35.282,"aus"
144.963,-37.814,"aus"
149.129,-35.282,"aus"
115.859,-31.955,"aus"
151.226,-33.751,"aus"
138.6,-34.926,"aus"
149.129,-35.282,"aus"
151.207,-33.867,"aus"
153.017,-27.475,"aus"
151.207,-33.867,"aus"
115.945,-31.988,"aus"
153.017,-27.475,"aus"
152.999,-27.534,"aus"
153.017,-27.475,"aus"
153.017,-27.475,"aus"
152.999,-27.534,"aus"
153.017,-27.475,"aus"
135,-25,"aus"
153.017,-27.475,"aus"
149.067,-35.236,"aus"
151.169,-33.776,"aus"
151.124,-33.797,"aus"
135,-25,"aus"
152.999,-27.534,"aus"
151.207,-33.867,"aus"
135,-25,"aus"
144.963,-37.814,"aus"
153.017,-27.475,"aus"
151.207,-33.867,"aus"
144.999,-37.819,"aus"
152.999,-27.534,"aus"
153.017,-27.475,"aus"
135,-25,"aus"
153.017,-27.475,"aus"
151.206,-33.838,"aus"
144.963,-37.814,"aus"
152.999,-27.534,"aus"
153.017,-27.475,"aus"
151.015,-34.013,"aus"
152.999,-27.534,"aus"
151.124,-33.797,"aus"
146.818,-19.258,"aus"
115.859,-31.955,"aus"
152.999,-27.534,"aus"
151.207,-33.867,"aus"
151.207,-33.867,"aus"
151.207,-33.867,"aus"
153.017,-27.475,"aus"
153.017,-27.475,"aus"
151.207,-33.867,"aus"
115.859,-31.955,"aus"
152.999,-27.534,"aus"
151.207,-33.867,"aus"
115.859,-31.955,"aus"
13.044,47.8,"aut"
16.369,48.203,"aut"
16.369,48.203,"aut"
14.286,48.306,"aut"
16.369,48.203,"aut"
16.369,48.203,"aut"
16.369,48.203,"aut"
16.369,48.203,"aut"
16.369,48.203,"aut"
16.369,48.203,"aut"
4.478,51.029,"bel"
4.47,50.888,"bel"
4.333,50.833,"bel"
4.694,50.864,"bel"
4.333,50.833,"bel"
4.478,51.029,"bel"
4.478,51.029,"bel"
4.333,50.833,"bel"
4.333,50.833,"bel"
4.425,50.927,"bel"
90.408,23.707,"bgd"
90.408,23.707,"bgd"
90.408,23.707,"bgd"
26.264,43.703,"bgr"
23.322,42.698,"bgr"
23.322,42.698,"bgr"
23.322,42.698,"bgr"
23.226,43.409,"bgr"
50.584,26.216,"bhr"
17.908,44.194,"bih"
27.559,53.901,"blr"
27.559,53.901,"blr"
-68.15,-16.5,"bol"
-43.186,-22.907,"bra"
-46.629,-23.534,"bra"
-43.919,-19.868,"bra"
-47.038,-22.873,"bra"
-46.629,-23.534,"bra"
-46.629,-23.534,"bra"
-43.186,-22.907,"bra"
-46.629,-23.534,"bra"
-46.629,-23.534,"bra"
-46.629,-23.534,"bra"
-46.629,-23.534,"bra"
-46.629,-23.534,"bra"
-46.629,-23.534,"bra"
-46.629,-23.534,"bra"
-47.929,-15.78,"bra"
-43.186,-22.907,"bra"
-38.371,-12.942,"bra"
-56.093,-15.585,"bra"
-46.629,-23.534,"bra"
-47.929,-15.78,"bra"
-47.367,-2.972,"bra"
-46.629,-23.534,"bra"
-46.629,-23.534,"bra"
-49.231,-25.525,"bra"
-46.629,-23.534,"bra"
-48.276,-18.908,"bra"
-43.186,-22.907,"bra"
-46.629,-23.534,"bra"
-46.629,-23.534,"bra"
-49.231,-25.525,"bra"
-49.231,-25.525,"bra"
-46.629,-23.534,"bra"
-43.415,-20.384,"bra"
-46.629,-23.534,"bra"
-34.879,-8.062,"bra"
-46.629,-23.534,"bra"
-49.231,-25.525,"bra"
-46.629,-23.534,"bra"
-46.629,-23.534,"bra"
-49.231,-25.525,"bra"
-43.186,-22.907,"bra"
-46.629,-23.534,"bra"
-46.629,-23.534,"bra"
-43.186,-22.907,"bra"
-46.629,-23.534,"bra"
-46.629,-23.534,"bra"
-46.629,-23.534,"bra"
-46.527,-23.646,"bra"
-46.629,-23.534,"bra"
-49.05,-26.939,"bra"
-50.833,-29.633,"bra"
-46.629,-23.534,"bra"
-38.543,-3.724,"bra"
-46.629,-23.534,"bra"
-45.873,-23.204,"bra"
-43.186,-22.907,"bra"
-47.929,-15.78,"bra"
-34.879,-8.062,"bra"
-43.186,-22.907,"bra"
-46.629,-23.534,"bra"
-43.186,-22.907,"bra"
-43.186,-22.907,"bra"
-46.629,-23.534,"bra"
-46.629,-23.534,"bra"
-50.509,-21.934,"bra"
-46.875,-23.516,"bra"
-43.186,-22.907,"bra"
-43.186,-22.907,"bra"
-46.629,-23.534,"bra"
-46.629,-23.534,"bra"
-53.877,-29.696,"bra"
-46.629,-23.534,"bra"
-46.629,-23.534,"bra"
-73.639,45.606,"can"
-79.425,43.677,"can"
-73.639,45.606,"can"
-75.725,45.33,"can"
-75.725,45.33,"can"
-79.425,43.677,"can"
-79.425,43.677,"can"
-79.425,43.677,"can"
-73.771,45.462,"can"
-75.725,45.33,"can"
-75.699,45.423,"can"
-113.791,52.246,"can"
-79.769,43.389,"can"
-73.555,45.452,"can"
-113.44,53.596,"can"
-75.725,45.33,"can"
-75.725,45.33,"can"
-113.44,53.596,"can"
-52.713,47.561,"can"
-75.725,45.33,"can"
-122.863,49.258,"can"
-79.425,43.677,"can"
-79.334,43.709,"can"
-75.725,45.33,"can"
-79.646,43.65,"can"
-75.418,45.595,"can"
-113.44,53.596,"can"
-73.639,45.606,"can"
-75.725,45.33,"can"
-75.725,45.33,"can"
-75.725,45.33,"can"
-73.639,45.606,"can"
-79.425,43.677,"can"
-79.425,43.677,"can"
-122.6,49.217,"can"
-120.368,50.651,"can"
-75.725,45.33,"can"
-75.725,45.33,"can"
-69.518,47.839,"can"
-123.33,48.469,"can"
-75.725,45.33,"can"
-73.155,45.159,"can"
-71.22,46.808,"can"
-75.725,45.33,"can"
-96.999,49.893,"can"
-79.425,43.677,"can"
-96.999,49.893,"can"
-81.192,43.011,"can"
-79.425,43.677,"can"
-75.418,45.595,"can"
-75.725,45.33,"can"
-73.639,45.606,"can"
-71.635,48.566,"can"
-64.191,45.061,"can"
-75.725,45.33,"can"
-113.821,50.986,"can"
-65.997,45.387,"can"
-79.303,43.726,"can"
-75.418,45.595,"can"
-81.192,43.011,"can"
-122.651,49.175,"can"
8.538,47.369,"che"
6.14,46.204,"che"
7.581,47.56,"che"
8.538,47.369,"che"
7.502,46.891,"che"
7.448,46.948,"che"
8.538,47.369,"che"
8.538,47.369,"che"
7.581,47.56,"che"
7.581,47.56,"che"
8.953,46.004,"che"
8.308,47.474,"che"
8.538,47.369,"che"
7.79,47.212,"che"
7.448,46.948,"che"
9.376,47.426,"che"
6.662,46.51,"che"
-70.634,-33.461,"chl"
-70.634,-33.461,"chl"
-71.631,-33.048,"chl"
-70.634,-33.461,"chl"
-73.608,-43.121,"chl"
-70.634,-33.461,"chl"
116.849,38.304,"chn"
116.389,39.912,"chn"
114.133,22.533,"chn"
118.768,32.048,"chn"
112.552,37.893,"chn"
104.764,29.357,"chn"
116.389,39.912,"chn"
112.552,37.893,"chn"
116.389,39.912,"chn"
113.651,34.764,"chn"
120.165,30.253,"chn"
120.165,30.253,"chn"
114.279,30.572,"chn"
114.467,38.067,"chn"
125.313,43.881,"chn"
116.389,39.912,"chn"
108.31,22.829,"chn"
121.483,31.236,"chn"
114.467,38.067,"chn"
104.071,30.669,"chn"
116.389,39.912,"chn"
116.389,39.912,"chn"
116.389,39.912,"chn"
106.717,26.583,"chn"
116.389,39.912,"chn"
113.237,23.125,"chn"
112.969,28.198,"chn"
116.968,36.656,"chn"
102.702,25.051,"chn"
116.389,39.912,"chn"
125.313,43.881,"chn"
104.071,30.669,"chn"
113.651,34.764,"chn"
116.389,39.912,"chn"
116.389,39.912,"chn"
111.649,40.814,"chn"
126.612,45.733,"chn"
116.389,39.912,"chn"
123.406,41.792,"chn"
116.389,39.912,"chn"
116.389,39.912,"chn"
114.467,38.067,"chn"
116.389,39.912,"chn"
116.389,39.912,"chn"
116.389,39.912,"chn"
117.275,31.861,"chn"
104.071,30.669,"chn"
114.279,30.572,"chn"
104.071,30.669,"chn"
116.389,39.912,"chn"
120.613,31.309,"chn"
120.165,30.253,"chn"
116.389,39.912,"chn"
116.389,39.912,"chn"
106.717,26.583,"chn"
114.133,22.533,"chn"
113.237,23.125,"chn"
116.389,39.912,"chn"
121.483,31.236,"chn"
117.275,31.861,"chn"
120.165,30.253,"chn"
114.133,22.533,"chn"
116.389,39.912,"chn"
116.389,39.912,"chn"
112.969,28.198,"chn"
106.523,29.544,"chn"
106.523,29.544,"chn"
116.389,39.912,"chn"
116.389,39.912,"chn"
120.165,30.253,"chn"
104.071,30.669,"chn"
116.389,39.912,"chn"
114.467,38.067,"chn"
113.237,23.125,"chn"
121.483,31.236,"chn"
121.542,29.874,"chn"
118.768,32.048,"chn"
116.968,36.656,"chn"
116.389,39.912,"chn"
116.389,39.912,"chn"
116.389,39.912,"chn"
116.389,39.912,"chn"
116.389,39.912,"chn"
121.483,31.236,"chn"
116.389,39.912,"chn"
113.237,23.125,"chn"
113.237,23.125,"chn"
106.523,29.544,"chn"
112.893,36.318,"chn"
116.389,39.912,"chn"
113.237,23.125,"chn"
116.389,39.912,"chn"
120.165,30.253,"chn"
108.883,34.265,"chn"
108.883,34.265,"chn"
120.165,30.253,"chn"
116.389,39.912,"chn"
118.768,32.048,"chn"
116.968,36.656,"chn"
121.65,42.007,"chn"
108.31,22.829,"chn"
113.237,23.125,"chn"
113.237,23.125,"chn"
112.969,28.198,"chn"
114.133,22.533,"chn"
116.389,39.912,"chn"
116.389,39.912,"chn"
116.389,39.912,"chn"
116.389,39.912,"chn"
114.133,22.533,"chn"
120.165,30.253,"chn"
116.389,39.912,"chn"
112.975,37.071,"chn"
126.612,45.733,"chn"
116.389,39.912,"chn"
116.084,38.704,"chn"
114.467,38.067,"chn"
116.389,39.912,"chn"
126.612,45.733,"chn"
113.237,23.125,"chn"
113.237,23.125,"chn"
117.201,39.145,"chn"
113.651,34.764,"chn"
120.165,30.253,"chn"
116.389,39.912,"chn"
116.389,39.912,"chn"
116.389,39.912,"chn"
112.552,37.893,"chn"
120.165,30.253,"chn"
116.389,39.912,"chn"
117.201,39.145,"chn"
118.768,32.048,"chn"
113.237,23.125,"chn"
117.275,31.861,"chn"
113.237,23.125,"chn"
106.717,26.583,"chn"
123.406,41.792,"chn"
117.275,31.861,"chn"
116.389,39.912,"chn"
113.237,23.125,"chn"
120.165,30.253,"chn"
116.389,39.912,"chn"
118.768,32.048,"chn"
120.165,30.253,"chn"
116.968,36.656,"chn"
116.389,39.912,"chn"
116.968,36.656,"chn"
120.165,30.253,"chn"
121.483,31.236,"chn"
120.165,30.253,"chn"
125.313,43.881,"chn"
117.275,31.861,"chn"
116.389,39.912,"chn"
118.768,32.048,"chn"
117.275,31.861,"chn"
113.237,23.125,"chn"
126.612,45.733,"chn"
116.389,39.912,"chn"
117.275,31.861,"chn"
105.279,27.31,"chn"
123.406,41.792,"chn"
116.389,39.912,"chn"
116.389,39.912,"chn"
114.279,30.572,"chn"
116.389,39.912,"chn"
116.389,39.912,"chn"
113.237,23.125,"chn"
114.467,38.067,"chn"
108.31,22.829,"chn"
113.293,33.74,"chn"
116.389,39.912,"chn"
117.275,31.861,"chn"
116.389,39.912,"chn"
104.071,30.669,"chn"
120.647,28.003,"chn"
113.237,23.125,"chn"
116.389,39.912,"chn"
116.389,39.912,"chn"
116.389,39.912,"chn"
116.389,39.912,"chn"
116.389,39.912,"chn"
120.165,30.253,"chn"
116.389,39.912,"chn"
115.89,28.671,"chn"
118.768,32.048,"chn"
118.768,32.048,"chn"
120.165,30.253,"chn"
118.768,32.048,"chn"
116.389,39.912,"chn"
116.389,39.912,"chn"
114.467,38.067,"chn"
125.313,43.881,"chn"
116.389,39.912,"chn"
112.969,28.198,"chn"
116.389,39.912,"chn"
115.89,28.671,"chn"
112.552,37.893,"chn"
116.389,39.912,"chn"
113.237,23.125,"chn"
123.406,41.792,"chn"
111.649,40.814,"chn"
120.165,30.253,"chn"
115.89,28.671,"chn"
120.647,28.003,"chn"
120.165,30.253,"chn"
116.968,36.656,"chn"
113.651,34.764,"chn"
113.237,23.125,"chn"
116.389,39.912,"chn"
116.389,39.912,"chn"
121.483,31.236,"chn"
116.389,39.912,"chn"
116.968,36.656,"chn"
106.523,29.544,"chn"
121.483,31.236,"chn"
116.389,39.912,"chn"
119.303,26.069,"chn"
116.389,39.912,"chn"
109.109,21.483,"chn"
116.389,39.912,"chn"
87.586,43.793,"chn"
120.165,30.253,"chn"
125.313,43.881,"chn"
116.327,39.966,"chn"
116.389,39.912,"chn"
118.768,32.048,"chn"
116.389,39.912,"chn"
117.601,26.236,"chn"
116.389,39.912,"chn"
116.389,39.912,"chn"
104.071,30.669,"chn"
113.237,23.125,"chn"
125.313,43.881,"chn"
106.523,29.544,"chn"
116.389,39.912,"chn"
116.389,39.912,"chn"
123.406,41.792,"chn"
116.389,39.912,"chn"
113.651,34.764,"chn"
120.165,30.253,"chn"
116.389,39.912,"chn"
-74.086,4.627,"col"
-74.086,4.627,"col"
-74.769,10.954,"col"
-74.086,4.627,"col"
-74.086,4.627,"col"
-74.086,4.627,"col"
-74.086,4.627,"col"
-74.086,4.627,"col"
-74.086,4.627,"col"
-74.086,4.627,"col"
-74.086,4.627,"col"
-74.086,4.627,"col"
-74.086,4.627,"col"
-74.086,4.627,"col"
-83.921,9.858,"cri"
-84.221,10.016,"cri"
-84.078,9.925,"cri"
33.372,35.166,"cyp"
14.433,50.079,"cze"
15.796,49.951,"cze"
15.03,50.091,"cze"
15.169,50.725,"cze"
18.539,49.856,"cze"
16.565,49.282,"cze"
11.074,49.454,"deu"
9.181,48.777,"deu"
9.181,48.777,"deu"
8.679,50.167,"deu"
11.074,49.454,"deu"
10.892,48.365,"deu"
9.181,48.777,"deu"
12.121,54.086,"deu"
9.741,52.411,"deu"
11.074,49.454,"deu"
9.181,48.777,"deu"
10.918,50.685,"deu"
13.646,52.383,"deu"
6.942,51.367,"deu"
9.181,48.777,"deu"
9.434,52.576,"deu"
10.892,48.365,"deu"
9.158,53.483,"deu"
10.312,49.985,"deu"
7.548,50.38,"deu"
8.299,48.365,"deu"
7.129,50.623,"deu"
8.298,53.1,"deu"
9.181,48.777,"deu"
8.679,50.167,"deu"
13.646,52.383,"deu"
13.646,52.383,"deu"
8.809,53.075,"deu"
9.741,52.411,"deu"
9.938,51.531,"deu"
8.299,48.365,"deu"
13.646,52.383,"deu"
11.566,48.139,"deu"
8.696,50.024,"deu"
6.777,51.227,"deu"
8.473,52.079,"deu"
8.679,50.167,"deu"
7.415,51.531,"deu"
9.994,53.55,"deu"
11.992,51.357,"deu"
9.181,48.777,"deu"
8.473,52.079,"deu"
9.994,53.55,"deu"
12.914,50.817,"deu"
6.998,49.232,"deu"
8.582,49.906,"deu"
7.051,50.716,"deu"
11.566,48.139,"deu"
11.65,48.25,"deu"
9.181,48.777,"deu"
12.085,48.992,"deu"
6.777,51.227,"deu"
6.777,51.227,"deu"
13.646,52.383,"deu"
10.182,54.332,"deu"
13.646,52.383,"deu"
9.181,48.777,"deu"
11.566,48.139,"deu"
6.777,51.227,"deu"
9.181,48.777,"deu"
9.181,48.777,"deu"
8.679,50.167,"deu"
10.5,51.5,"deu"
13.646,52.383,"deu"
13.646,52.383,"deu"
9.181,48.777,"deu"
6.733,51.369,"deu"
11.074,49.454,"deu"
6.942,51.367,"deu"
6.955,50.942,"deu"
9.181,48.777,"deu"
8.679,50.167,"deu"
6.697,49.735,"deu"
6.942,51.367,"deu"
9.574,50.422,"deu"
12.914,50.817,"deu"
9.181,48.777,"deu"
11.992,51.357,"deu"
7.051,50.716,"deu"
10.876,49.929,"deu"
11.566,48.139,"deu"
9.141,48.694,"deu"
9.181,48.777,"deu"
8.679,50.167,"deu"
7.051,50.716,"deu"
9.181,48.777,"deu"
8.703,50.82,"deu"
9.181,48.777,"deu"
8.46,49.493,"deu"
9.994,53.55,"deu"
10.829,49.912,"deu"
9.181,48.777,"deu"
8.277,50.354,"deu"
8.569,50.143,"deu"
12.533,55.884,"dnk"
12.569,55.676,"dnk"
10.212,56.158,"dnk"
10.212,56.158,"dnk"
12.569,55.676,"dnk"
12.569,55.676,"dnk"
12.569,55.676,"dnk"
12.364,55.657,"dnk"
12.569,55.676,"dnk"
-69.893,18.476,"dom"
3,36.833,"dza"
3,36.833,"dza"
7.724,36.906,"dza"
3,36.833,"dza"
-79.897,-2.204,"ecu"
-78.524,-0.229,"ecu"
-79.897,-2.204,"ecu"
31.251,30.059,"egy"
31.214,30.008,"egy"
31.214,30.008,"egy"
31.214,30.008,"egy"
31.251,30.059,"egy"
31.251,30.059,"egy"
31.251,30.059,"egy"
31.214,30.008,"egy"
-3.685,40.426,"esp"
-3.685,40.426,"esp"
2.168,41.38,"esp"
-4.02,39.859,"esp"
2.168,41.38,"esp"
-3.685,40.426,"esp"
2.168,41.38,"esp"
-3.685,40.426,"esp"
-3.685,40.426,"esp"
-3.685,40.426,"esp"
-3.685,40.426,"esp"
2.168,41.38,"esp"
-8.396,43.371,"esp"
-3.685,40.426,"esp"
-4.423,36.714,"esp"
-2.927,43.264,"esp"
-3.685,40.426,"esp"
-3.685,40.426,"esp"
-3.685,40.426,"esp"
24.743,59.426,"est"
25.743,62.24,"fin"
24.924,60.172,"fin"
24.924,60.172,"fin"
24.924,60.172,"fin"
22.269,60.451,"fin"
24.667,63.526,"fin"
24.924,60.172,"fin"
24.924,60.172,"fin"
25.471,65.013,"fin"
24.638,60.337,"fin"
2.241,48.835,"fra"
-1.614,48.113,"fra"
3.175,50.692,"fra"
0.342,46.581,"fra"
2.382,48.914,"fra"
2.195,48.888,"fra"
2.273,48.73,"fra"
2.345,48.855,"fra"
7.736,48.585,"fra"
2.195,48.888,"fra"
2.182,48.785,"fra"
5.044,47.326,"fra"
2.345,48.855,"fra"
2.241,48.835,"fra"
2.195,48.888,"fra"
2.195,48.888,"fra"
2.603,48.852,"fra"
2.345,48.855,"fra"
5.732,45.194,"fra"
2.293,49.895,"fra"
3.915,45.457,"fra"
-0.581,44.836,"fra"
2.345,48.855,"fra"
1.904,47.901,"fra"
0.199,48.008,"fra"
2.345,48.855,"fra"
0.199,48.008,"fra"
0.102,49.493,"fra"
2.482,48.612,"fra"
2.345,48.855,"fra"
2.345,48.855,"fra"
2.345,48.855,"fra"
2.622,48.855,"fra"
2.269,48.884,"fra"
3.086,50.669,"fra"
2.345,48.855,"fra"
2.345,48.855,"fra"
5.921,45.567,"fra"
2.241,48.835,"fra"
-0.581,44.836,"fra"
2.241,48.835,"fra"
2.345,48.855,"fra"
2.345,48.855,"fra"
2.132,48.702,"fra"
5.372,43.294,"fra"
2.345,48.855,"fra"
2.345,48.855,"fra"
4.829,45.759,"fra"
0.342,46.581,"fra"
2.345,48.855,"fra"
3.082,45.778,"fra"
2.182,48.785,"fra"
3.175,50.692,"fra"
2.622,48.855,"fra"
3.063,50.637,"fra"
-0.581,44.836,"fra"
2.345,48.855,"fra"
2.237,48.898,"fra"
-3.365,47.748,"fra"
2.345,48.855,"fra"
2.345,48.855,"fra"
2.241,48.835,"fra"
2.345,48.855,"fra"
1.449,43.606,"fra"
3.082,45.778,"fra"
2.241,48.835,"fra"
2.239,48.884,"fra"
-0.083,51.515,"gbr"
-0.083,51.515,"gbr"
-0.083,51.515,"gbr"
-0.109,51.547,"gbr"
-2.571,53.394,"gbr"
-3.578,51.514,"gbr"
-1.645,52.807,"gbr"
-0.083,51.515,"gbr"
-2.571,53.394,"gbr"
-0.083,51.515,"gbr"
-2.608,51.437,"gbr"
-0.083,51.515,"gbr"
-0.083,51.515,"gbr"
-0.139,50.832,"gbr"
-2.248,53.479,"gbr"
-0.139,50.832,"gbr"
-0.083,51.515,"gbr"
-0.083,51.515,"gbr"
-0.083,51.515,"gbr"
-2.248,53.479,"gbr"
-0.083,51.515,"gbr"
-0.083,51.515,"gbr"
-0.332,51.525,"gbr"
-0.083,51.515,"gbr"
1.105,52.038,"gbr"
-0.083,51.515,"gbr"
-0.083,51.515,"gbr"
-0.083,51.515,"gbr"
-0.225,51.764,"gbr"
-2.571,53.394,"gbr"
-0.083,51.515,"gbr"
-5.923,54.603,"gbr"
-0.083,51.515,"gbr"
-0.083,51.515,"gbr"
-0.083,51.515,"gbr"
-0.083,51.515,"gbr"
-0.083,51.515,"gbr"
-0.863,51.414,"gbr"
-2.571,53.394,"gbr"
-0.083,51.515,"gbr"
-2.571,53.394,"gbr"
-0.083,51.515,"gbr"
-0.083,51.515,"gbr"
-0.083,51.515,"gbr"
-2.571,53.394,"gbr"
-0.341,53.741,"gbr"
-0.083,51.515,"gbr"
-2.571,53.394,"gbr"
-0.332,51.525,"gbr"
-1.471,53.353,"gbr"
-0.083,51.515,"gbr"
-2.571,53.394,"gbr"
-2.85,51.434,"gbr"
-0.083,51.515,"gbr"
-2.571,53.394,"gbr"
-2.571,53.394,"gbr"
-0.332,51.525,"gbr"
-0.083,51.515,"gbr"
-0.083,51.515,"gbr"
-0.083,51.515,"gbr"
-1.001,51.458,"gbr"
-0.083,51.515,"gbr"
-0.139,50.832,"gbr"
0.08,51.587,"gbr"
-0.083,51.515,"gbr"
-0.083,51.515,"gbr"
-0.16,51.543,"gbr"
-0.083,51.515,"gbr"
-2.571,53.394,"gbr"
-2.127,52.588,"gbr"
-0.083,51.515,"gbr"
-0.083,51.515,"gbr"
-2.571,53.394,"gbr"
-1.283,51.672,"gbr"
-2.571,53.394,"gbr"
-1.471,53.353,"gbr"
0.08,51.587,"gbr"
-0.341,51.739,"gbr"
-2.571,53.394,"gbr"
-2.571,53.394,"gbr"
0.08,51.587,"gbr"
-1.427,52.826,"gbr"
-1.894,53.795,"gbr"
-2.608,51.437,"gbr"
-2.571,53.394,"gbr"
-0.083,51.515,"gbr"
-0.083,51.515,"gbr"
-0.038,51.518,"gbr"
44.783,41.722,"geo"
23.732,37.989,"grc"
22.944,40.633,"grc"
22.424,39.64,"grc"
22.424,39.64,"grc"
22.424,39.64,"grc"
20.849,39.671,"grc"
22.944,40.633,"grc"
-90.524,14.632,"gtm"
144.799,13.468,"gum"
114.167,22.276,"hkg"
114.167,22.276,"hkg"
114.167,22.276,"hkg"
114.167,22.276,"hkg"
114.167,22.276,"hkg"
114.167,22.276,"hkg"
114.167,22.276,"hkg"
114.167,22.276,"hkg"
114.167,22.276,"hkg"
-87.457,15.775,"hnd"
15.975,45.833,"hrv"
15.975,45.833,"hrv"
15.975,45.833,"hrv"
19.045,47.503,"hun"
20.148,46.253,"hun"
20.148,46.253,"hun"
106.828,-6.175,"idn"
106.828,-6.175,"idn"
106.828,-6.175,"idn"
106.828,-6.175,"idn"
106.828,-6.175,"idn"
106.86,-6.2,"idn"
106.828,-6.175,"idn"
106.828,-6.175,"idn"
106.828,-6.175,"idn"
106.828,-6.175,"idn"
110.367,-7.786,"idn"
101.441,0.557,"idn"
106.828,-6.175,"idn"
106.828,-6.175,"idn"
106.828,-6.175,"idn"
77.323,28.566,"ind"
78.472,17.388,"ind"
77.218,28.626,"ind"
72.598,23.033,"ind"
72.835,18.942,"ind"
72.835,18.942,"ind"
77.6,12.971,"ind"
72.997,19.069,"ind"
77.072,28.46,"ind"
77.231,28.659,"ind"
77.6,12.971,"ind"
72.974,19.183,"ind"
80.295,13.098,"ind"
72.974,19.183,"ind"
72.835,18.942,"ind"
77.6,12.971,"ind"
77.072,28.46,"ind"
77.6,12.971,"ind"
77.218,28.626,"ind"
77.231,28.659,"ind"
72.835,18.942,"ind"
88.359,22.574,"ind"
88.359,22.574,"ind"
73.881,18.519,"ind"
72.835,18.942,"ind"
77.231,28.659,"ind"
77.231,28.659,"ind"
77.231,28.659,"ind"
77.218,28.626,"ind"
-6.259,53.345,"irl"
-6.259,53.345,"irl"
-8.627,52.664,"irl"
-6.259,53.345,"irl"
-6.259,53.345,"irl"
-6.259,53.345,"irl"
51.414,35.69,"irn"
51.414,35.69,"irn"
51.414,35.69,"irn"
51.414,35.69,"irn"
50.89,34.644,"irn"
51.414,35.69,"irn"
51.414,35.69,"irn"
51.679,32.652,"irn"
51.414,35.69,"irn"
44.009,36.19,"irq"
34.872,32.089,"isr"
34.974,32.83,"isr"
34.974,32.83,"isr"
34.872,32.089,"isr"
34.872,32.089,"isr"
34.872,32.089,"isr"
7.876,45.467,"ita"
9.187,45.473,"ita"
12.496,41.903,"ita"
12.496,41.903,"ita"
7.876,45.467,"ita"
12.496,41.903,"ita"
12.496,41.903,"ita"
12.496,41.903,"ita"
9.187,45.473,"ita"
9.187,45.473,"ita"
12.496,41.903,"ita"
8.979,44.41,"ita"
9.187,45.473,"ita"
9.187,45.473,"ita"
9.187,45.473,"ita"
9.187,45.473,"ita"
12.496,41.903,"ita"
12.496,41.903,"ita"
14.235,40.835,"ita"
12.496,41.903,"ita"
12.496,41.903,"ita"
9.187,45.473,"ita"
10.99,45.433,"ita"
11.164,46.669,"ita"
12.496,41.903,"ita"
12.496,41.903,"ita"
9.187,45.473,"ita"
9.187,45.473,"ita"
10.99,45.433,"ita"
16.588,38.911,"ita"
11.716,44.356,"ita"
9.187,45.473,"ita"
7.876,45.467,"ita"
12.349,45.386,"ita"
7.547,44.389,"ita"
7.876,45.467,"ita"
9.187,45.473,"ita"
12.587,44.013,"ita"
7.623,45.084,"ita"
9.187,45.473,"ita"
12.496,41.903,"ita"
11.343,44.501,"ita"
9.675,45.698,"ita"
35.933,31.949,"jor"
35.933,31.949,"jor"
139.77,35.676,"jpn"
139.77,35.676,"jpn"
139.77,35.676,"jpn"
139.77,35.676,"jpn"
139.77,35.676,"jpn"
139.622,35.467,"jpn"
140.659,36.589,"jpn"
139.77,35.676,"jpn"
139.633,35.473,"jpn"
135.513,34.678,"jpn"
139.77,35.676,"jpn"
139.77,35.676,"jpn"
139.77,35.676,"jpn"
139.77,35.676,"jpn"
139.77,35.676,"jpn"
139.77,35.676,"jpn"
139.707,35.691,"jpn"
135.513,34.678,"jpn"
139.77,35.676,"jpn"
139.77,35.676,"jpn"
139.77,35.676,"jpn"
139.77,35.676,"jpn"
135.513,34.678,"jpn"
139.34,35.327,"jpn"
138.192,36.649,"jpn"
139.909,35.729,"jpn"
139.77,35.676,"jpn"
139.77,35.676,"jpn"
131.011,34.034,"jpn"
139.754,35.684,"jpn"
139.77,35.676,"jpn"
139.77,35.676,"jpn"
139.77,35.676,"jpn"
139.77,35.676,"jpn"
139.77,35.676,"jpn"
139.77,35.676,"jpn"
135.92,35.191,"jpn"
139.77,35.676,"jpn"
139.77,35.676,"jpn"
135.513,34.678,"jpn"
139.77,35.676,"jpn"
136.89,35.02,"jpn"
139.77,35.676,"jpn"
139.77,35.676,"jpn"
139.77,35.676,"jpn"
138.389,34.975,"jpn"
139.77,35.676,"jpn"
135.513,34.678,"jpn"
139.77,35.676,"jpn"
139.77,35.676,"jpn"
139.77,35.676,"jpn"
135.513,34.678,"jpn"
130.715,32.789,"jpn"
139.77,35.676,"jpn"
139.77,35.676,"jpn"
139.77,35.676,"jpn"
139.622,35.467,"jpn"
139.707,35.691,"jpn"
139.77,35.676,"jpn"
139.77,35.676,"jpn"
139.77,35.676,"jpn"
139.77,35.676,"jpn"
139.068,36.388,"jpn"
139.77,35.676,"jpn"
139.77,35.676,"jpn"
139.77,35.676,"jpn"
135.858,35.015,"jpn"
139.77,35.676,"jpn"
133.981,33.437,"jpn"
140.099,36.212,"jpn"
139.77,35.676,"jpn"
139.518,35.679,"jpn"
140.125,35.596,"jpn"
139.77,35.676,"jpn"
129.721,33.168,"jpn"
139.77,35.676,"jpn"
139.77,35.676,"jpn"
139.77,35.676,"jpn"
141.345,43.055,"jpn"
139.77,35.676,"jpn"
139.77,35.676,"jpn"
139.77,35.676,"jpn"
139.622,35.467,"jpn"
135.513,34.678,"jpn"
139.77,35.676,"jpn"
135.513,34.678,"jpn"
139.77,35.676,"jpn"
139.77,35.676,"jpn"
139.77,35.676,"jpn"
139.77,35.676,"jpn"
139.77,35.676,"jpn"
138.389,34.975,"jpn"
136.223,36.066,"jpn"
139.77,35.676,"jpn"
139.77,35.676,"jpn"
139.77,35.676,"jpn"
139.77,35.676,"jpn"
135.513,34.678,"jpn"
139.77,35.676,"jpn"
135.513,34.678,"jpn"
141.345,43.055,"jpn"
135.513,34.678,"jpn"
135.172,34.219,"jpn"
136.916,35.144,"jpn"
139.77,35.676,"jpn"
139.77,35.676,"jpn"
139.77,35.676,"jpn"
139.77,35.676,"jpn"
139.77,35.676,"jpn"
139.633,35.473,"jpn"
135.513,34.678,"jpn"
139.77,35.676,"jpn"
139.622,35.467,"jpn"
135.513,34.678,"jpn"
130.413,33.584,"jpn"
139.707,35.691,"jpn"
139.77,35.676,"jpn"
141.345,43.055,"jpn"
139.77,35.676,"jpn"
139.77,35.676,"jpn"
135.513,34.678,"jpn"
139.77,35.676,"jpn"
139.77,35.676,"jpn"
139.77,35.676,"jpn"
139.77,35.676,"jpn"
139.77,35.676,"jpn"
130.873,33.874,"jpn"
135.513,34.678,"jpn"
139.77,35.676,"jpn"
136.916,35.144,"jpn"
139.77,35.676,"jpn"
139.77,35.676,"jpn"
139.77,35.676,"jpn"
139.77,35.676,"jpn"
139.77,35.676,"jpn"
134.558,34.076,"jpn"
139.77,35.676,"jpn"
136.916,35.144,"jpn"
139.754,35.684,"jpn"
139.77,35.676,"jpn"
139.77,35.676,"jpn"
139.77,35.676,"jpn"
139.754,35.684,"jpn"
135.513,34.678,"jpn"
139.77,35.676,"jpn"
135.513,34.678,"jpn"
139.77,35.676,"jpn"
136.916,35.144,"jpn"
139.77,35.676,"jpn"
139.77,35.676,"jpn"
139.822,35.731,"jpn"
135.513,34.678,"jpn"
139.77,35.676,"jpn"
139.77,35.676,"jpn"
135.513,34.678,"jpn"
139.77,35.676,"jpn"
139.77,35.676,"jpn"
139.77,35.676,"jpn"
139.58,35.447,"jpn"
139.77,35.676,"jpn"
130.559,31.585,"jpn"
138.688,35.69,"jpn"
140.479,37.749,"jpn"
139.77,35.676,"jpn"
76.933,43.275,"kaz"
36.815,-1.285,"ken"
36.815,-1.285,"ken"
104.917,11.583,"khm"
126.884,37.568,"kor"
126.993,37.563,"kor"
126.993,37.563,"kor"
126.993,37.563,"kor"
126.993,37.563,"kor"
126.993,37.563,"kor"
126.993,37.563,"kor"
126.993,37.563,"kor"
126.993,37.563,"kor"
126.993,37.563,"kor"
126.993,37.563,"kor"
126.993,37.563,"kor"
126.993,37.563,"kor"
126.993,37.563,"kor"
126.993,37.563,"kor"
126.993,37.563,"kor"
126.993,37.563,"kor"
126.993,37.563,"kor"
129.375,36.036,"kor"
127.112,37.506,"kor"
126.993,37.563,"kor"
126.993,37.563,"kor"
126.993,37.563,"kor"
126.993,37.563,"kor"
126.993,37.563,"kor"
126.993,37.563,"kor"
126.993,37.563,"kor"
126.993,37.563,"kor"
126.993,37.563,"kor"
126.993,37.563,"kor"
126.993,37.563,"kor"
126.993,37.563,"kor"
127.141,37.445,"kor"
126.993,37.563,"kor"
126.993,37.563,"kor"
126.993,37.563,"kor"
126.993,37.563,"kor"
126.993,37.563,"kor"
126.993,37.563,"kor"
126.993,37.563,"kor"
127.43,36.326,"kor"
126.993,37.563,"kor"
126.993,37.563,"kor"
126.993,37.563,"kor"
126.993,37.563,"kor"
128.604,35.866,"kor"
126.993,37.563,"kor"
126.993,37.563,"kor"
126.993,37.563,"kor"
126.993,37.563,"kor"
126.993,37.563,"kor"
126.993,37.563,"kor"
126.993,37.563,"kor"
126.993,37.563,"kor"
126.927,37.525,"kor"
126.993,37.563,"kor"
126.993,37.563,"kor"
126.993,37.563,"kor"
126.993,37.563,"kor"
126.993,37.563,"kor"
127.43,36.326,"kor"
126.993,37.563,"kor"
126.993,37.563,"kor"
127.43,36.326,"kor"
126.993,37.563,"kor"
126.993,37.563,"kor"
126.993,37.563,"kor"
126.993,37.563,"kor"
126.993,37.563,"kor"
126.993,37.563,"kor"
127.948,37.347,"kor"
126.993,37.563,"kor"
126.993,37.563,"kor"
126.884,37.568,"kor"
126.993,37.563,"kor"
126.993,37.563,"kor"
126.993,37.563,"kor"
47.976,29.331,"kwt"
47.976,29.331,"kwt"
25.28,54.689,"ltu"
25.28,54.689,"ltu"
6.124,49.61,"lux"
6.124,49.61,"lux"
24.597,56.813,"lva"
-6.833,34.015,"mar"
-6.833,34.015,"mar"
-6.833,34.015,"mar"
28.841,47.026,"mda"
28.841,47.026,"mda"
-99.145,19.42,"mex"
-99.145,19.42,"mex"
-93.122,16.754,"mex"
-99.145,19.42,"mex"
-98.676,21.113,"mex"
-100.361,25.645,"mex"
-100.309,25.671,"mex"
-99.145,19.42,"mex"
-99.145,19.42,"mex"
-99.145,19.42,"mex"
-100.361,25.645,"mex"
-99.145,19.42,"mex"
-103.377,20.669,"mex"
-99.167,19.417,"mex"
-99.145,19.42,"mex"
-99.145,19.42,"mex"
-100.361,25.645,"mex"
-99.145,19.42,"mex"
-116.604,31.875,"mex"
-99.145,19.42,"mex"
-99.145,19.42,"mex"
14.512,35.898,"mlt"
57.497,-20.166,"mus"
57.497,-20.166,"mus"
57.497,-20.166,"mus"
57.497,-20.166,"mus"
57.497,-20.166,"mus"
57.497,-20.166,"mus"
57.497,-20.166,"mus"
57.497,-20.166,"mus"
57.497,-20.166,"mus"
57.497,-20.166,"mus"
57.497,-20.166,"mus"
57.497,-20.166,"mus"
57.497,-20.166,"mus"
57.497,-20.166,"mus"
101.713,3.151,"mys"
101.558,3.067,"mys"
101.713,3.151,"mys"
101.713,3.151,"mys"
101.713,3.151,"mys"
3.373,6.492,"nga"
5.39,52.156,"nld"
4.906,52.378,"nld"
4.391,52.099,"nld"
4.906,52.378,"nld"
5.485,51.442,"nld"
4.906,52.378,"nld"
4.906,52.378,"nld"
4.906,52.378,"nld"
4.906,52.378,"nld"
5.1,52.129,"nld"
5.485,51.442,"nld"
5.1,52.129,"nld"
4.906,52.378,"nld"
4.906,52.378,"nld"
4.906,52.378,"nld"
4.906,52.378,"nld"
4.906,52.378,"nld"
4.906,52.378,"nld"
4.419,51.87,"nld"
6.073,52.504,"nld"
4.906,52.378,"nld"
5.18,52.115,"nld"
4.906,52.378,"nld"
4.419,51.87,"nld"
4.906,52.378,"nld"
5.1,52.129,"nld"
4.906,52.378,"nld"
4.906,52.378,"nld"
5.972,51.187,"nld"
5.22,52.418,"nld"
4.906,52.378,"nld"
4.358,52.005,"nld"
4.906,52.378,"nld"
5.1,52.129,"nld"
4.317,52.084,"nld"
4.906,52.378,"nld"
5.1,52.129,"nld"
4.419,51.87,"nld"
4.906,52.378,"nld"
6.127,51.939,"nld"
4.906,52.378,"nld"
5.1,52.129,"nld"
4.906,52.378,"nld"
4.8,53.054,"nld"
5.298,51.691,"nld"
4.728,52.26,"nld"
4.906,52.378,"nld"
4.419,51.87,"nld"
5.485,51.442,"nld"
4.906,52.378,"nld"
4.906,52.378,"nld"
4.906,52.378,"nld"
4.906,52.378,"nld"
6.56,53.214,"nld"
4.906,52.378,"nld"
5.178,52.231,"nld"
5.1,52.129,"nld"
4.906,52.378,"nld"
4.906,52.378,"nld"
4.906,52.378,"nld"
4.906,52.378,"nld"
5.39,52.156,"nld"
4.906,52.378,"nld"
5.1,52.129,"nld"
4.906,52.378,"nld"
4.906,52.378,"nld"
4.906,52.378,"nld"
10.604,59.905,"nor"
10.609,59.896,"nor"
8.038,58.17,"nor"
10.734,59.927,"nor"
10.609,59.896,"nor"
10.636,59.913,"nor"
5.296,60.388,"nor"
10.609,59.896,"nor"
10.583,59.9,"nor"
10.734,59.927,"nor"
10.609,59.896,"nor"
11.212,60.145,"nor"
172.637,-43.532,"nzl"
174.768,-36.847,"nzl"
175.612,-40.356,"nzl"
174.768,-36.847,"nzl"
176.167,-37.687,"nzl"
174.768,-36.847,"nzl"
174.768,-36.847,"nzl"
58.54,23.601,"omn"
74.353,31.559,"pak"
73.066,33.72,"pak"
73.066,33.72,"pak"
73.066,33.72,"pak"
-79.539,8.954,"pan"
-79.539,8.954,"pan"
-79.539,8.954,"pan"
-77.021,-12.044,"per"
-77.021,-12.044,"per"
-77.021,-12.044,"per"
-77.021,-12.044,"per"
121.021,14.559,"phl"
121.004,14.591,"phl"
121.021,14.559,"phl"
121.021,14.559,"phl"
121.021,14.559,"phl"
21.007,52.253,"pol"
17.973,53.792,"pol"
22.487,54.001,"pol"
21.007,52.253,"pol"
18.738,50.282,"pol"
20.439,53.767,"pol"
21.007,52.253,"pol"
19.956,50.055,"pol"
16.904,52.4,"pol"
20.988,50.009,"pol"
21.007,52.253,"pol"
22.591,51.454,"pol"
16.974,54.007,"pol"
21.007,52.253,"pol"
21.007,52.253,"pol"
21.007,52.253,"pol"
21.219,52.23,"pol"
-66.069,18.452,"pri"
-66.112,18.355,"pri"
-9.3,38.717,"prt"
-9.15,38.726,"prt"
-9.15,38.726,"prt"
-9.15,38.726,"prt"
-57.629,-25.299,"pry"
-57.629,-25.299,"pry"
34.446,31.524,"pse"
27.167,46.1,"rou"
26.25,47.633,"rou"
22.786,44.684,"rou"
26.103,44.434,"rou"
26.103,44.434,"rou"
26.103,44.434,"rou"
26.103,44.434,"rou"
26.103,44.434,"rou"
26.103,44.434,"rou"
113.493,52.046,"rus"
52.433,55.73,"rus"
37.641,55.762,"rus"
37.618,54.197,"rus"
37.641,55.762,"rus"
30.323,59.933,"rus"
60.589,56.843,"rus"
30.323,59.933,"rus"
37.641,55.762,"rus"
37.641,55.762,"rus"
37.641,55.762,"rus"
43.658,43.484,"rus"
37.641,55.762,"rus"
39.142,51.549,"rus"
44.009,56.33,"rus"
37.768,44.753,"rus"
37.641,55.762,"rus"
59.083,53.459,"rus"
38.981,45.042,"rus"
53.204,56.85,"rus"
44.009,56.33,"rus"
20.51,54.712,"rus"
37.641,55.762,"rus"
37.641,55.762,"rus"
37.641,55.762,"rus"
131.924,43.131,"rus"
83.762,53.356,"rus"
35.892,56.836,"rus"
61.403,55.16,"rus"
37.641,55.762,"rus"
30.323,59.933,"rus"
37.641,55.762,"rus"
39.833,57.626,"rus"
38.981,45.042,"rus"
37.641,55.762,"rus"
37.641,55.762,"rus"
37.641,55.762,"rus"
39.142,51.549,"rus"
30.323,59.933,"rus"
37.641,55.762,"rus"
50.206,26.284,"sau"
46.727,24.642,"sau"
46.727,24.642,"sau"
49.3,25.135,"sau"
46.727,24.642,"sau"
46.727,24.642,"sau"
46.727,24.642,"sau"
35.524,15.579,"sdn"
103.849,1.3,"sgp"
103.849,1.3,"sgp"
103.849,1.3,"sgp"
103.849,1.3,"sgp"
103.849,1.3,"sgp"
103.849,1.3,"sgp"
103.849,1.3,"sgp"
-89.212,13.682,"slv"
20.467,44.801,"srb"
18.492,48.767,"svk"
17.138,48.145,"svk"
17.138,48.145,"svk"
14.503,46.051,"svn"
14.503,46.051,"svn"
16.525,57.995,"swe"
18.064,59.333,"swe"
18.064,59.333,"swe"
18.064,59.333,"swe"
11.986,57.697,"swe"
18.064,59.333,"swe"
18.064,59.333,"swe"
18.064,59.333,"swe"
11.986,57.697,"swe"
18.064,59.333,"swe"
17.968,59.363,"swe"
18.064,59.333,"swe"
18.064,59.333,"swe"
13.02,56.501,"swe"
18.064,59.333,"swe"
13.195,55.58,"swe"
18.064,59.333,"swe"
15.617,58.417,"swe"
11.986,57.697,"swe"
18.064,59.333,"swe"
18.064,59.333,"swe"
55.444,-4.617,"syc"
100.516,13.749,"tha"
100.516,13.749,"tha"
100.516,13.749,"tha"
100.516,13.749,"tha"
100.516,13.749,"tha"
100.516,13.749,"tha"
10.178,36.804,"tun"
10.178,36.804,"tun"
10.178,36.804,"tun"
28.963,41.014,"tur"
36.332,41.293,"tur"
28.963,41.014,"tur"
28.963,41.014,"tur"
28.963,41.014,"tur"
28.963,41.014,"tur"
28.963,41.014,"tur"
28.963,41.014,"tur"
28.963,41.014,"tur"
28.963,41.014,"tur"
28.963,41.014,"tur"
121.509,25.039,"twn"
121.142,22.757,"twn"
120.811,24.563,"twn"
121.509,25.039,"twn"
120.675,23.913,"twn"
121.509,25.039,"twn"
121.509,25.039,"twn"
120.979,24.812,"twn"
121.509,25.039,"twn"
121.509,25.039,"twn"
121.509,25.039,"twn"
121.509,25.039,"twn"
121.509,25.039,"twn"
121.509,25.039,"twn"
121.307,24.992,"twn"
121.509,25.039,"twn"
121.307,24.992,"twn"
121.509,25.039,"twn"
120.675,23.913,"twn"
121.509,25.039,"twn"
121.509,25.039,"twn"
121.509,25.039,"twn"
121.509,25.039,"twn"
121.509,25.039,"twn"
121.509,25.039,"twn"
121.509,25.039,"twn"
121.509,25.039,"twn"
120.525,24.08,"twn"
39.28,-6.82,"tza"
30.527,50.441,"ukr"
30.527,50.441,"ukr"
30.527,50.441,"ukr"
35.171,47.852,"ukr"
26.639,49.299,"ukr"
37.762,47.987,"ukr"
30.527,50.441,"ukr"
24.009,49.828,"ukr"
28.495,49.237,"ukr"
30.527,50.441,"ukr"
30.527,50.441,"ukr"
-56.067,-34.894,"ury"
-56.067,-34.894,"ury"
-56.067,-34.894,"ury"
-56.067,-34.894,"ury"
-56.067,-34.894,"ury"
-92.045,32.548,"usa"
-92.279,34.748,"usa"
-83.044,39.987,"usa"
-74.202,40.722,"usa"
-92.373,35.083,"usa"
-117.378,47.657,"usa"
-77.366,38.947,"usa"
-83.044,39.987,"usa"
-95.333,29.619,"usa"
-80.236,25.726,"usa"
-122.335,47.612,"usa"
-122.436,37.786,"usa"
-98.528,29.421,"usa"
-77.29,38.522,"usa"
-87.625,41.878,"usa"
-73.399,41.099,"usa"
-76.493,38.978,"usa"
-96.785,32.995,"usa"
-119.835,34.433,"usa"
-73.942,40.817,"usa"
-83.044,39.987,"usa"
-74.202,40.722,"usa"
-86.045,39.783,"usa"
-76.608,39.298,"usa"
-105.015,39.962,"usa"
-77.18,38.887,"usa"
-71.085,42.364,"usa"
-122.335,47.612,"usa"
-105.015,39.962,"usa"
-71.085,42.364,"usa"
-73.252,41.218,"usa"
-83.044,39.987,"usa"
-77.003,38.982,"usa"
-77.518,38.908,"usa"
-83.044,39.987,"usa"
-86.045,39.783,"usa"
-80.057,26.617,"usa"
-87.793,42.043,"usa"
-84.552,33.97,"usa"
-74.202,40.722,"usa"
-105.015,39.962,"usa"
-77.009,40.214,"usa"
-95.333,29.619,"usa"
-122.335,47.612,"usa"
-118.239,34.063,"usa"
-89.528,44.489,"usa"
-122.168,47.615,"usa"
-84.322,33.827,"usa"
-74.111,40.396,"usa"
-93.32,45.165,"usa"
-78.95,36.017,"usa"
-121.856,37.217,"usa"
-100.757,46.795,"usa"
-86.045,39.783,"usa"
-83.044,39.987,"usa"
-77.033,38.899,"usa"
-97.088,32.758,"usa"
-117.03,32.809,"usa"
-117.03,32.809,"usa"
-84.322,33.827,"usa"
-83.044,39.987,"usa"
-105.015,39.962,"usa"
-121.965,37.527,"usa"
-83.044,39.987,"usa"
-96.785,32.995,"usa"
-121.466,38.576,"usa"
-94.402,39.009,"usa"
-83.044,39.987,"usa"
-90.322,32.341,"usa"
-83.044,39.987,"usa"
-76.608,39.298,"usa"
-73.252,41.218,"usa"
-83.293,42.471,"usa"
-122.335,47.612,"usa"
-83.044,39.987,"usa"
-78.95,36.017,"usa"
-111.876,40.784,"usa"
-86.045,39.783,"usa"
-118.239,34.063,"usa"
-117.03,32.809,"usa"
-77.461,39.018,"usa"
-118.239,34.063,"usa"
-118.239,34.063,"usa"
-110.385,31.593,"usa"
-80.236,25.726,"usa"
-83.044,39.987,"usa"
-118.846,34.152,"usa"
-83.044,39.987,"usa"
-84.322,33.827,"usa"
-77.518,38.908,"usa"
-83.044,39.987,"usa"
-111.693,40.221,"usa"
-121.953,37.353,"usa"
-95.333,29.619,"usa"
-86.045,39.783,"usa"
-78.697,35.804,"usa"
-73.942,40.817,"usa"
-74.202,40.722,"usa"
-84.322,33.827,"usa"
-84.322,33.827,"usa"
-118.239,34.063,"usa"
-73.252,41.218,"usa"
-74.659,40.349,"usa"
-73.942,40.817,"usa"
-83.044,39.987,"usa"
-75.746,39.605,"usa"
-83.044,39.987,"usa"
-75.694,39.679,"usa"
-75.472,40.582,"usa"
-77.033,38.899,"usa"
-77.033,38.899,"usa"
-83.036,42.33,"usa"
-95.333,29.619,"usa"
-74.286,40.557,"usa"
-83.044,39.987,"usa"
-121.856,37.217,"usa"
-123.059,48.069,"usa"
-86.045,39.783,"usa"
-86.045,39.783,"usa"
-76.753,39.203,"usa"
-110.385,31.593,"usa"
-78.973,38.385,"usa"
-119.835,34.433,"usa"
-78.95,36.017,"usa"
-118.239,34.063,"usa"
-83.044,39.987,"usa"
-77.26,38.859,"usa"
-87.464,36.654,"usa"
-83.044,39.987,"usa"
-121.93,37.715,"usa"
-96.785,32.995,"usa"
-74.202,40.722,"usa"
-93.62,41.596,"usa"
-121.856,37.217,"usa"
-121.856,37.217,"usa"
-77.518,38.908,"usa"
-83.044,39.987,"usa"
-93.32,45.165,"usa"
-91.671,42.021,"usa"
-74.286,40.557,"usa"
-121.256,38.655,"usa"
-71.085,42.364,"usa"
-90.531,41.518,"usa"
-92.279,34.748,"usa"
-122.053,37.323,"usa"
-74.286,40.557,"usa"
-83.194,42.333,"usa"
-83.194,42.333,"usa"
-78.697,35.804,"usa"
-104.884,39.613,"usa"
-77.18,38.887,"usa"
-95.333,29.619,"usa"
-118.239,34.063,"usa"
-83.044,39.987,"usa"
-105.015,39.962,"usa"
-74.111,40.396,"usa"
-73.942,40.817,"usa"
-81.415,28.392,"usa"
-80.414,37.229,"usa"
-77.604,43.155,"usa"
-121.856,37.217,"usa"
-73.942,40.817,"usa"
-74.202,40.722,"usa"
-83.044,39.987,"usa"
-83.044,39.987,"usa"
-83.044,39.987,"usa"
-83.194,42.333,"usa"
-118.239,34.063,"usa"
-90.577,38.663,"usa"
-83.044,39.987,"usa"
-83.044,39.987,"usa"
-83.044,39.987,"usa"
-121.856,37.217,"usa"
-77.18,38.887,"usa"
-97.503,35.512,"usa"
-77.518,38.908,"usa"
-122.168,47.615,"usa"
-77.18,38.887,"usa"
-77.033,38.899,"usa"
-83.194,42.333,"usa"
-122.526,37.72,"usa"
-87.625,41.878,"usa"
-71.085,42.364,"usa"
-77.138,39.145,"usa"
-96.785,32.995,"usa"
-117.03,32.809,"usa"
-75.694,39.679,"usa"
-81.699,41.448,"usa"
-83.044,39.987,"usa"
-112.07,33.449,"usa"
-97.402,27.796,"usa"
-73.942,40.817,"usa"
-92.492,44,"usa"
-83.044,39.987,"usa"
-73.942,40.817,"usa"
-81.415,28.392,"usa"
-105.015,39.767,"usa"
-83.044,39.987,"usa"
-120.645,35.487,"usa"
-83.044,39.987,"usa"
-78.95,36.017,"usa"
-83.194,42.333,"usa"
-74.202,40.722,"usa"
-77.518,38.908,"usa"
-76.608,39.298,"usa"
-117.864,34.018,"usa"
-117.03,32.809,"usa"
-117.03,32.809,"usa"
-87.625,41.878,"usa"
-90.106,30.008,"usa"
-122.436,37.786,"usa"
-77.518,38.908,"usa"
-71.109,42.422,"usa"
-84.126,39.705,"usa"
-86.045,39.783,"usa"
-86.045,39.783,"usa"
-74.322,40.789,"usa"
-83.044,39.987,"usa"
-83.044,39.987,"usa"
-116.968,46.73,"usa"
-95.333,29.619,"usa"
-81.558,37.209,"usa"
-122.41,47.211,"usa"
-81.334,28.759,"usa"
-95.333,29.619,"usa"
-86.672,36.132,"usa"
-110.385,31.593,"usa"
-73.942,40.817,"usa"
-78.95,36.017,"usa"
-84.322,33.827,"usa"
-75.694,39.679,"usa"
-83.044,39.987,"usa"
-73.942,40.817,"usa"
-93.32,45.165,"usa"
-83.044,39.987,"usa"
-83.044,39.987,"usa"
-74.202,40.722,"usa"
-73.399,41.099,"usa"
-105.015,39.767,"usa"
-95.333,29.619,"usa"
-122.167,37.417,"usa"
-78.95,36.017,"usa"
-121.93,37.715,"usa"
-78.697,35.804,"usa"
-83.194,42.333,"usa"
-95.333,29.619,"usa"
-122.064,38.273,"usa"
-86.045,39.783,"usa"
-105.015,39.962,"usa"
-74.912,39.948,"usa"
-83.044,39.987,"usa"
-75.043,40.4,"usa"
-73.942,40.817,"usa"
-73.815,41.053,"usa"
-76.471,42.505,"usa"
-77.461,39.018,"usa"
-85.84,42.147,"usa"
-85.106,33.573,"usa"
-77.18,38.887,"usa"
-83.044,39.987,"usa"
-95.333,29.619,"usa"
-72.82,41.489,"usa"
-86.326,32.398,"usa"
-75.694,39.679,"usa"
-83.194,42.333,"usa"
-92.366,38.953,"usa"
-76.882,40.263,"usa"
-83.044,39.987,"usa"
-73.399,41.099,"usa"
-122.06,37.898,"usa"
-73.942,40.817,"usa"
-77.461,39.018,"usa"
-118.933,35.389,"usa"
-95.333,29.619,"usa"
-122.167,37.417,"usa"
-118.239,34.063,"usa"
-86.045,39.783,"usa"
-87.886,43.083,"usa"
-74.046,40.889,"usa"
-80.236,25.726,"usa"
-98.16,26.302,"usa"
-87.625,41.878,"usa"
-81.976,35.018,"usa"
-121.889,37.672,"usa"
-80.236,25.726,"usa"
-73.942,40.817,"usa"
-117.789,33.737,"usa"
-83.044,39.987,"usa"
-77.033,38.899,"usa"
-73.942,40.817,"usa"
-106.363,35.133,"usa"
-73.942,40.817,"usa"
-86.045,39.783,"usa"
-73.252,41.218,"usa"
-121.466,38.576,"usa"
-71.057,42.358,"usa"
-78.95,36.017,"usa"
-84.322,33.827,"usa"
-118.239,34.063,"usa"
-84.149,33.978,"usa"
-84.322,33.827,"usa"
-83.044,39.987,"usa"
-96.785,32.995,"usa"
-78.697,35.804,"usa"
-97.181,33.175,"usa"
-77.098,39.011,"usa"
-77.18,38.887,"usa"
-71.057,42.358,"usa"
-74.286,40.557,"usa"
-73.942,40.817,"usa"
-83.044,39.987,"usa"
-83.044,39.987,"usa"
-80.11,26.526,"usa"
-96.785,32.995,"usa"
-93.759,32.422,"usa"
-81.014,35.292,"usa"
-83.044,39.987,"usa"
-87.625,41.878,"usa"
-101.925,35.069,"usa"
-105.015,39.962,"usa"
-83.044,39.987,"usa"
-105.015,39.962,"usa"
-90.2,32.308,"usa"
-73.399,41.099,"usa"
-84.149,33.978,"usa"
-83.194,42.333,"usa"
-84.322,33.827,"usa"
-74.286,40.557,"usa"
-83.044,39.987,"usa"
-73.399,41.099,"usa"
-120.835,35.312,"usa"
-90.2,32.308,"usa"
-117.03,32.809,"usa"
-93.687,32.493,"usa"
-75.164,39.952,"usa"
-81.014,35.292,"usa"
-86.045,39.783,"usa"
-122.046,37.591,"usa"
-84.434,39.137,"usa"
-97.937,30.319,"usa"
-74.202,40.722,"usa"
-81.014,35.292,"usa"
-81.014,35.292,"usa"
-77.461,39.018,"usa"
-121.889,37.672,"usa"
-77.366,38.947,"usa"
-117.765,33.67,"usa"
-83.38,42.277,"usa"
-83.044,39.987,"usa"
-77.033,38.899,"usa"
-74.111,40.396,"usa"
-122.032,37.35,"usa"
-74.202,40.722,"usa"
-77.194,40.012,"usa"
-122.167,37.417,"usa"
-73.942,40.817,"usa"
-86.546,34.617,"usa"
-77.518,38.908,"usa"
-86.672,36.132,"usa"
-73.252,41.218,"usa"
-83.044,39.987,"usa"
-118.239,34.063,"usa"
-110.385,31.593,"usa"
-77.18,38.887,"usa"
-84.243,34.03,"usa"
-121.856,37.217,"usa"
-83.044,39.987,"usa"
-122.436,37.786,"usa"
-105.015,39.962,"usa"
-77.18,38.887,"usa"
-83.194,42.333,"usa"
-95.333,29.619,"usa"
-117.03,32.809,"usa"
-96.785,32.995,"usa"
-73.942,40.817,"usa"
-118.037,33.815,"usa"
-93.32,45.165,"usa"
-89.063,42.195,"usa"
-83.736,42.229,"usa"
-121.93,37.715,"usa"
-85.129,41.131,"usa"
-93.32,45.165,"usa"
-84.322,33.827,"usa"
-83.044,39.987,"usa"
-73.942,40.817,"usa"
-117.03,32.809,"usa"
-76.288,36.914,"usa"
-71.085,42.364,"usa"
-83.194,42.333,"usa"
-73.942,40.817,"usa"
-83.044,39.987,"usa"
-73.942,40.817,"usa"
-105.015,39.767,"usa"
-83.044,39.987,"usa"
-118.239,34.063,"usa"
-73.736,40.953,"usa"
-83.044,39.987,"usa"
-75.694,39.679,"usa"
-83.044,39.987,"usa"
-84.707,33.403,"usa"
-122.075,37.389,"usa"
-83.736,42.229,"usa"
-77.461,39.018,"usa"
-122.859,45.518,"usa"
-71.163,42.69,"usa"
-73.693,41.336,"usa"
-87.625,41.878,"usa"
-118.239,34.063,"usa"
-117.03,32.809,"usa"
-83.044,39.987,"usa"
-89.661,39.803,"usa"
-87.625,41.878,"usa"
-83.044,39.987,"usa"
-122.335,47.612,"usa"
-93.32,45.165,"usa"
-83.044,39.987,"usa"
-102.208,44.255,"usa"
-77.518,38.908,"usa"
-83.044,39.987,"usa"
-83.044,39.987,"usa"
-87.625,41.878,"usa"
-118.239,34.063,"usa"
-97.321,32.725,"usa"
-86.045,39.783,"usa"
-105.015,39.767,"usa"
-117.885,33.84,"usa"
-111.731,33.603,"usa"
-76.146,43.009,"usa"
-95.333,29.619,"usa"
-118.469,34.012,"usa"
-85.095,36.975,"usa"
-93.32,45.165,"usa"
-87.625,41.878,"usa"
-96.876,33.028,"usa"
-96.785,32.995,"usa"
-121.89,37.437,"usa"
-95.333,29.619,"usa"
-77.18,38.887,"usa"
-111.147,45.679,"usa"
-73.942,40.817,"usa"
-71.057,42.358,"usa"
-83.044,39.987,"usa"
-87.886,43.083,"usa"
-79.803,34.195,"usa"
-77.518,38.908,"usa"
-122.436,37.786,"usa"
-81.334,28.759,"usa"
-77.461,39.018,"usa"
-96.785,32.995,"usa"
-122.053,37.323,"usa"
-81.751,40.022,"usa"
-74.567,40.678,"usa"
-122.02,38.013,"usa"
-74.111,40.396,"usa"
-96.785,32.995,"usa"
-100.757,46.795,"usa"
-73.942,40.817,"usa"
-105.015,39.767,"usa"
-73.942,40.817,"usa"
-86.045,39.783,"usa"
-83.194,42.333,"usa"
-75.279,40.211,"usa"
-83.044,39.987,"usa"
-96.785,32.995,"usa"
-80.236,25.726,"usa"
-88.199,41.887,"usa"
-80.03,40.459,"usa"
-73.399,41.099,"usa"
-122.436,37.786,"usa"
-77.604,43.155,"usa"
-117.03,32.809,"usa"
-74.567,40.678,"usa"
-90.106,30.008,"usa"
-74.202,40.722,"usa"
-83.194,42.333,"usa"
-83.194,42.333,"usa"
-87.625,41.878,"usa"
-97.341,37.69,"usa"
-83.194,42.333,"usa"
-77.461,39.018,"usa"
-122.436,37.786,"usa"
-121.833,39.735,"usa"
-83.044,39.987,"usa"
-118.239,34.063,"usa"
-77.137,38.699,"usa"
-77.061,38.857,"usa"
-84.322,33.827,"usa"
-94.612,39.104,"usa"
-83.044,39.987,"usa"
-121.856,37.217,"usa"
-73.942,40.817,"usa"
-73.942,40.817,"usa"
-90.25,30.024,"usa"
-90.193,38.631,"usa"
-118.239,34.063,"usa"
-83.044,39.987,"usa"
-111.876,40.784,"usa"
-84.434,39.137,"usa"
-97.402,27.796,"usa"
-118.239,34.063,"usa"
-122.053,37.323,"usa"
-121.856,37.217,"usa"
-86.435,35.87,"usa"
-111.876,40.784,"usa"
-122.291,37.843,"usa"
-73.499,41.298,"usa"
-75.694,39.679,"usa"
-122.436,37.786,"usa"
-83.044,39.987,"usa"
-83.044,39.987,"usa"
-96.785,32.995,"usa"
-98,38,"usa"
-77.366,38.947,"usa"
-91.083,30.409,"usa"
-118.239,34.063,"usa"
-87.625,41.878,"usa"
-83.548,41.645,"usa"
-86.045,39.783,"usa"
-121.953,37.353,"usa"
-105.015,39.962,"usa"
-118.239,34.063,"usa"
-84.593,35.443,"usa"
-117.206,35.148,"usa"
-111.876,40.784,"usa"
-95.333,29.619,"usa"
-78.697,35.804,"usa"
-84.322,33.827,"usa"
-83.044,39.987,"usa"
-86.77,33.524,"usa"
-73.399,41.099,"usa"
-77.518,38.908,"usa"
-83.736,42.229,"usa"
-122.335,47.612,"usa"
-73.942,40.817,"usa"
-77.461,39.018,"usa"
-97.503,35.512,"usa"
-74.202,40.722,"usa"
-71.085,42.364,"usa"
-84.899,38.178,"usa"
-74.111,40.396,"usa"
-84.434,39.137,"usa"
-88.2,41.71,"usa"
-71.556,42.609,"usa"
-122.032,37.35,"usa"
-122.168,47.615,"usa"
-122.698,38.349,"usa"
-83.044,39.987,"usa"
-118.239,34.063,"usa"
-77.518,38.908,"usa"
-84.322,33.827,"usa"
-81.915,41.419,"usa"
-105.015,39.962,"usa"
-83.044,39.987,"usa"
-122.335,47.612,"usa"
-86.045,39.783,"usa"
-75.164,39.952,"usa"
-95.333,29.619,"usa"
-83.044,39.987,"usa"
-72.581,41.376,"usa"
-83.044,39.987,"usa"
-84.322,33.827,"usa"
-83.044,39.987,"usa"
-78.697,35.804,"usa"
-74.478,40.797,"usa"
-96.785,32.995,"usa"
-83.194,42.333,"usa"
-83.044,39.987,"usa"
-83.044,39.987,"usa"
-71.492,42.749,"usa"
-121.953,37.353,"usa"
-71.18,42.728,"usa"
-106.619,35.054,"usa"
-110.385,31.593,"usa"
-122.335,47.612,"usa"
-83.044,39.987,"usa"
-115.159,35.958,"usa"
-76.092,36.846,"usa"
-82.101,33.525,"usa"
-86.045,39.783,"usa"
-82.719,27.979,"usa"
-104.809,39.74,"usa"
-77.033,38.899,"usa"
-78.697,35.804,"usa"
-80.03,40.459,"usa"
-93.32,45.165,"usa"
-81.334,28.759,"usa"
-86.672,36.132,"usa"
-96.709,32.95,"usa"
-83.044,39.987,"usa"
-84.322,33.827,"usa"
-89.995,35.213,"usa"
-94.402,39.009,"usa"
-74.659,40.349,"usa"
-94.402,39.009,"usa"
-96.785,32.995,"usa"
-83.044,39.987,"usa"
-117.765,33.67,"usa"
-83.044,39.987,"usa"
-83.194,42.333,"usa"
-77.366,38.947,"usa"
-87.625,41.878,"usa"
-71.304,42.656,"usa"
-110.385,31.593,"usa"
-122.859,45.518,"usa"
-71.085,42.364,"usa"
-84.232,43.707,"usa"
-120.617,37.379,"usa"
-83.044,39.987,"usa"
-77.395,39.015,"usa"
-74.159,40.848,"usa"
-83.044,39.987,"usa"
-71.147,42.275,"usa"
-104.884,39.613,"usa"
-73.175,44.447,"usa"
-122.02,38.013,"usa"
-84.322,33.827,"usa"
-77.033,38.899,"usa"
-72.823,41.536,"usa"
-83.044,39.987,"usa"
-83.909,35.966,"usa"
-86.546,34.617,"usa"
-86.045,39.783,"usa"
-72.684,41.766,"usa"
-78.95,36.017,"usa"
-83.044,39.987,"usa"
-122.167,37.417,"usa"
-77.461,39.018,"usa"
-122.694,45.498,"usa"
-83.044,39.987,"usa"
-86.045,39.783,"usa"
-105.015,39.962,"usa"
-117.03,32.809,"usa"
-74.111,40.396,"usa"
-110.385,31.593,"usa"
-95.333,29.619,"usa"
-73.942,40.817,"usa"
-70.264,43.663,"usa"
-74.509,40.631,"usa"
-117.014,32.625,"usa"
-120.293,47.371,"usa"
-87.625,41.878,"usa"
-74.286,40.557,"usa"
-122.167,37.417,"usa"
-71.085,42.364,"usa"
-96.785,32.995,"usa"
-94.652,31.615,"usa"
-105.015,39.962,"usa"
-117.765,33.67,"usa"
-110.385,31.593,"usa"
-73.252,41.218,"usa"
-73.942,40.817,"usa"
-96.785,32.995,"usa"
-81.334,28.759,"usa"
-80.148,26.278,"usa"
-122.51,37.975,"usa"
-77.518,38.908,"usa"
-83.194,42.333,"usa"
-72.684,41.766,"usa"
-81.334,28.759,"usa"
-77.033,38.899,"usa"
-122.694,45.498,"usa"
-105.015,39.767,"usa"
-83.044,39.987,"usa"
-84.322,33.827,"usa"
-105.015,39.767,"usa"
-77.033,38.899,"usa"
-83.044,39.987,"usa"
-76.608,39.298,"usa"
-83.044,39.987,"usa"
-95.333,29.619,"usa"
-83.044,39.987,"usa"
-76.924,38.849,"usa"
-105.51,39.96,"usa"
-122.168,47.615,"usa"
-85.689,42.276,"usa"
-75.164,39.952,"usa"
-77.518,38.908,"usa"
-83.736,42.229,"usa"
-121.953,37.353,"usa"
-77.42,37.583,"usa"
-71.085,42.364,"usa"
-122.167,37.417,"usa"
-112.07,33.449,"usa"
-77.461,39.018,"usa"
-74.111,40.396,"usa"
-81.334,28.759,"usa"
-83.044,39.987,"usa"
-75.164,39.952,"usa"
-74.111,40.396,"usa"
-111.731,33.603,"usa"
-119.765,36.862,"usa"
-104.864,38.853,"usa"
-75.371,40.626,"usa"
-76.092,36.846,"usa"
-83.044,39.987,"usa"
-83.044,39.987,"usa"
-95.333,29.619,"usa"
-77.003,38.982,"usa"
-122.02,38.013,"usa"
-76.928,38.941,"usa"
-80.236,25.726,"usa"
-74.202,40.722,"usa"
-122.436,37.786,"usa"
-73.942,40.817,"usa"
-83.044,39.987,"usa"
-84.322,33.827,"usa"
-74.338,43.054,"usa"
-77.45,37.338,"usa"
-87.76,41.844,"usa"
-83.044,39.987,"usa"
-81.652,30.328,"usa"
-77.42,37.583,"usa"
-105.015,39.767,"usa"
-80.1,26.385,"usa"
-73.942,40.817,"usa"
-121.856,37.217,"usa"
-87.625,41.878,"usa"
-73.942,40.817,"usa"
-118.239,34.063,"usa"
-83.044,39.987,"usa"
-121.953,37.353,"usa"
-122.436,37.786,"usa"
-83.736,42.229,"usa"
-77.26,38.859,"usa"
-96.65,40.918,"usa"
-77.518,38.908,"usa"
-71.085,42.364,"usa"
-122.335,47.612,"usa"
-86.045,39.783,"usa"
-77.18,38.887,"usa"
-122.168,47.615,"usa"
-122.032,37.35,"usa"
-73.942,40.817,"usa"
-117.765,33.67,"usa"
-81.572,33.534,"usa"
-75.043,40.4,"usa"
-75.694,39.679,"usa"
-83.044,39.987,"usa"
-83.044,39.987,"usa"
-94.209,45.531,"usa"
-84.322,33.827,"usa"
-83.044,39.987,"usa"
-81.173,32.167,"usa"
-86.045,39.783,"usa"
-83.044,39.987,"usa"
-83.044,39.987,"usa"
-83.044,39.987,"usa"
-77.366,38.947,"usa"
-96.709,32.95,"usa"
-71.085,42.364,"usa"
-110.385,31.593,"usa"
-77.336,39.418,"usa"
-74.202,40.722,"usa"
-117.765,33.67,"usa"
-118.239,34.063,"usa"
-76.288,36.914,"usa"
-77.366,38.947,"usa"
-88.2,41.71,"usa"
-83.044,39.987,"usa"
-121.93,37.715,"usa"
-93.32,45.165,"usa"
-83.044,39.987,"usa"
-122.02,38.013,"usa"
-95.333,29.619,"usa"
-77.366,38.947,"usa"
-98,38,"usa"
-122.02,38.013,"usa"
-89.863,34.95,"usa"
-118.239,34.063,"usa"
-88.349,33.439,"usa"
-84.322,33.827,"usa"
-77.518,38.908,"usa"
-112.07,33.449,"usa"
-83.044,39.987,"usa"
-122.053,37.323,"usa"
-117.948,34.923,"usa"
-83.044,39.987,"usa"
-77.18,38.887,"usa"
-86.546,34.617,"usa"
-83.044,39.987,"usa"
-111.829,40.594,"usa"
-77.18,38.887,"usa"
-92.279,34.748,"usa"
-86.672,36.132,"usa"
-83.044,39.987,"usa"
-83.044,39.987,"usa"
-74.111,40.396,"usa"
-86.326,32.398,"usa"
-83.044,39.987,"usa"
-78.697,35.804,"usa"
-74.478,40.797,"usa"
-77.461,39.018,"usa"
-121.856,37.217,"usa"
-121.889,37.672,"usa"
-122.335,47.612,"usa"
-83.044,39.987,"usa"
-76.172,42.603,"usa"
-96.804,33.074,"usa"
-94.402,39.009,"usa"
-112.07,33.449,"usa"
-122.053,37.323,"usa"
-111.921,33.309,"usa"
-78.697,35.804,"usa"
-77.033,38.899,"usa"
-122.168,47.615,"usa"
-122.436,37.786,"usa"
-75.694,39.679,"usa"
-111.693,40.221,"usa"
-117.198,33.832,"usa"
-87.625,41.878,"usa"
-83.044,39.987,"usa"
-78.95,36.017,"usa"
-71.057,42.358,"usa"
-83.736,42.229,"usa"
-83.044,39.987,"usa"
-83.044,39.987,"usa"
-73.399,41.099,"usa"
-75.272,39.959,"usa"
-86.326,32.398,"usa"
-83.044,39.987,"usa"
-122.167,37.417,"usa"
-118.469,34.012,"usa"
-83.044,39.987,"usa"
-85.443,44.255,"usa"
-91.671,42.021,"usa"
-80.093,40.653,"usa"
-75.164,39.952,"usa"
-95.53,29.525,"usa"
-76.288,36.914,"usa"
-73.399,41.099,"usa"
-75.694,39.679,"usa"
-121.856,37.217,"usa"
-81.014,35.292,"usa"
-122.249,37.532,"usa"
-73.487,40.74,"usa"
-95.333,29.619,"usa"
-122.242,37.738,"usa"
-122.167,37.417,"usa"
-77.461,39.018,"usa"
-106.335,31.772,"usa"
-84.281,30.438,"usa"
-77.033,38.899,"usa"
-81.273,29.832,"usa"
-96.785,32.995,"usa"
-86.672,36.132,"usa"
-122.167,37.417,"usa"
-84.322,33.827,"usa"
-105.015,39.962,"usa"
-83.41,42.645,"usa"
-77.518,38.908,"usa"
-122.167,37.417,"usa"
-95.333,29.619,"usa"
-77.461,39.018,"usa"
-123.015,46.95,"usa"
-122.436,37.786,"usa"
-105.015,39.962,"usa"
-97.937,30.319,"usa"
-95.333,29.619,"usa"
-122.436,37.786,"usa"
-88.206,42.787,"usa"
-117.765,33.67,"usa"
-98,38,"usa"
-75.694,39.679,"usa"
-86.672,36.132,"usa"
-97.937,30.319,"usa"
-73.252,41.218,"usa"
-110.385,31.593,"usa"
-83.044,39.987,"usa"
-122.52,45.632,"usa"
-77.518,38.908,"usa"
-120.641,40.417,"usa"
-122.075,37.389,"usa"
-77.366,38.947,"usa"
-110.385,31.593,"usa"
-94.402,39.009,"usa"
-91.671,42.021,"usa"
-77.461,39.018,"usa"
-122.436,37.786,"usa"
-83.044,39.987,"usa"
-84.322,33.827,"usa"
-71.057,42.358,"usa"
-73.942,40.817,"usa"
-83.044,39.987,"usa"
-110.385,31.593,"usa"
-76.461,37.058,"usa"
-77.033,38.899,"usa"
-93.32,45.165,"usa"
-83.044,39.987,"usa"
-122.167,37.417,"usa"
-86.465,42.108,"usa"
-122.168,47.615,"usa"
-79.01,35.147,"usa"
-74.525,40.311,"usa"
-122.053,37.323,"usa"
-122.52,45.632,"usa"
-110.385,31.593,"usa"
-71.085,42.364,"usa"
-83.036,42.33,"usa"
-83.044,39.987,"usa"
-83.044,39.987,"usa"
-88.2,41.71,"usa"
-83.044,39.987,"usa"
-84.788,43.601,"usa"
-96.785,32.995,"usa"
-95.954,41.175,"usa"
-71.057,42.358,"usa"
-86.045,39.783,"usa"
-77.461,39.018,"usa"
-117.789,33.737,"usa"
-83.194,42.333,"usa"
-93.32,45.165,"usa"
-83.044,39.987,"usa"
-85.482,32.608,"usa"
-77.18,38.887,"usa"
-83.044,39.987,"usa"
-77.366,38.947,"usa"
-83.194,42.333,"usa"
-83.194,42.333,"usa"
-99.945,37.666,"usa"
-73.942,40.817,"usa"
-85.723,31.393,"usa"
-86.045,39.783,"usa"
-110.385,31.593,"usa"
-72.684,41.766,"usa"
-80.936,33.967,"usa"
-74.567,40.678,"usa"
-83.044,39.987,"usa"
-83.044,39.987,"usa"
-83.044,39.987,"usa"
-71.057,42.358,"usa"
-73.399,41.099,"usa"
-95.333,29.619,"usa"
-117.03,32.809,"usa"
-117.03,32.809,"usa"
-98,38,"usa"
-73.399,41.099,"usa"
-85.286,35.001,"usa"
-77.18,38.887,"usa"
-94.402,39.009,"usa"
-117.765,33.67,"usa"
-66.92,10.495,"ven"
-66.92,10.495,"ven"
-66.92,10.495,"ven"
-66.92,10.495,"ven"
105.848,21.032,"vnm"
105.848,21.032,"vnm"
105.848,21.032,"vnm"
105.848,21.032,"vnm"
105.679,18.669,"vnm"
105.848,21.032,"vnm"
105.848,21.032,"vnm"
105.848,21.032,"vnm"
105.848,21.032,"vnm"
105.848,21.032,"vnm"
105.848,21.032,"vnm"
28.042,-26.199,"zaf"
28.042,-26.199,"zaf"
18.516,-34.046,"zaf"
18.516,-34.046,"zaf"
28.197,-25.751,"zaf"
18.516,-34.046,"zaf"
18.586,-33.877,"zaf"
28.042,-26.199,"zaf"
28.042,-26.199,"zaf"
28.042,-26.199,"zaf"
28.197,-25.751,"zaf"
28.197,-25.751,"zaf"
28.198,-25.655,"zaf"
18.586,-33.877,"zaf"
28.009,-26.189,"zaf"
26,-30,"zaf"
28.197,-25.751,"zaf"
18.586,-33.877,"zaf"
